City_ID,City,Country,Date,Lat,Lng,Max Temp,Humidity,Cloudiness,Wind Speed
0,Kuryk,KZ,2022-05-03 04:46:09,43.2,51.65,62.01,38,100,14.63
1,Kruisfontein,ZA,2022-05-03 04:46:10,-34.0033,24.7314,63.16,41,96,7.85
2,Pavlohrad,UA,2022-05-03 04:46:10,48.5167,35.8667,53.33,59,20,5.59
3,Punta Arenas,CL,2022-05-03 04:44:51,-53.15,-70.9167,42.91,70,100,14.97
4,Kapaa,US,2022-05-03 04:45:05,22.0752,-159.319,80.58,86,75,20.71
5,Bluff,NZ,2022-05-03 04:46:11,-46.6,168.3333,60.8,70,46,4.9
6,Launceston,AU,2022-05-03 04:46:12,-41.45,147.1667,64.62,72,100,21.85
7,Berdigestyakh,RU,2022-05-03 04:46:12,62.0989,126.6992,32.02,66,77,5.35
8,Teya,RU,2022-05-03 04:46:13,60.3778,92.6267,35.24,92,99,12.84
9,Montrose,US,2022-05-03 04:46:13,38.4166,-108.2673,49.57,31,16,8.1
10,Barrow,US,2022-05-03 04:46:13,71.2906,-156.7887,21.22,86,100,11.5
11,Outjo,NA,2022-05-03 04:46:14,-20.1167,16.15,58.21,59,0,8.14
12,Lasa,IT,2022-05-03 04:46:14,46.6166,10.7002,47.28,89,73,0.13
13,Tuktoyaktuk,CA,2022-05-03 04:46:15,69.4541,-133.0374,39.2,75,40,8.05
14,Coquimbo,CL,2022-05-03 04:43:16,-29.9533,-71.3436,53.33,93,0,4.61
15,Mataura,NZ,2022-05-03 04:46:15,-46.1927,168.8643,60.48,73,20,1.86
16,Cidreira,BR,2022-05-03 04:46:16,-30.1811,-50.2056,61.84,92,100,18.25
17,Soyo,AO,2022-05-03 04:46:16,-6.1349,12.3689,76.95,90,16,5.1
18,Pevek,RU,2022-05-03 04:46:17,69.7008,170.3133,28.96,90,100,2.01
19,Hilo,US,2022-05-03 04:45:12,19.7297,-155.09,75.27,97,100,9.22
20,Cape Town,ZA,2022-05-03 04:43:28,-33.9258,18.4232,64.9,89,75,14.0
21,Poronaysk,RU,2022-05-03 04:46:18,49.2167,143.1167,33.49,100,100,10.63
22,Rikitea,PF,2022-05-03 04:45:00,-23.1203,-134.9692,77.77,73,100,12.8
23,Bredasdorp,ZA,2022-05-03 04:46:18,-34.5322,20.0403,58.3,97,52,4.61
24,Hithadhoo,MV,2022-05-03 04:46:19,-0.6,73.0833,81.95,81,100,17.34
25,Angoche,MZ,2022-05-03 04:46:19,-16.2325,39.9086,75.7,79,35,8.68
26,Komsomolskiy,UZ,2022-05-03 04:46:20,40.4272,71.7189,75.92,43,90,11.5
27,Saskylakh,RU,2022-05-03 04:46:20,71.9167,114.0833,25.47,84,15,7.67
28,Tecoanapa,MX,2022-05-03 04:46:21,16.5167,-98.75,79.61,63,56,5.26
29,Itigi,TZ,2022-05-03 04:46:21,-5.7,34.4833,62.53,91,88,8.72
30,Mhango,TZ,2022-05-03 04:46:21,-3.2833,32.85,64.85,91,61,4.81
31,Lavrentiya,RU,2022-05-03 04:46:22,65.5833,-171.0,20.17,77,65,2.44
32,Port Elizabeth,ZA,2022-05-03 04:46:22,-33.918,25.5701,52.09,87,0,2.3
33,Yulara,AU,2022-05-03 04:46:23,-25.2406,130.9889,76.84,44,40,8.05
34,Ayan,RU,2022-05-03 04:46:23,56.45,138.1667,30.99,97,100,11.39
35,Haines Junction,CA,2022-05-03 04:46:24,60.7522,-137.5108,40.95,52,100,3.44
36,Saint-Philippe,RE,2022-05-03 04:46:24,-21.3585,55.7679,79.21,76,10,5.84
37,Ushuaia,AR,2022-05-03 04:43:33,-54.8,-68.3,37.06,65,0,3.44
38,Makakilo City,US,2022-05-03 04:46:25,21.3469,-158.0858,79.12,67,0,17.27
39,Kaitangata,NZ,2022-05-03 04:46:25,-46.2817,169.8464,57.72,71,2,2.48
40,Turukhansk,RU,2022-05-03 04:46:26,65.8167,87.9833,32.27,91,100,11.88
41,Akyab,MM,2022-05-03 04:46:26,20.15,92.9,88.34,61,0,8.55
42,Upernavik,GL,2022-05-03 04:46:27,72.7868,-56.1549,-2.52,94,93,3.8
43,Chuy,UY,2022-05-03 04:46:27,-33.6971,-53.4616,56.66,72,95,7.18
44,Vardo,NO,2022-05-03 04:46:28,70.3705,31.1107,28.42,61,100,19.42
45,Lompoc,US,2022-05-03 04:46:28,34.6391,-120.4579,51.6,83,75,10.36
46,Bengkulu,ID,2022-05-03 04:47:29,-3.8004,102.2655,84.45,69,68,6.96
47,Dunmore East,IE,2022-05-03 04:47:29,52.1514,-6.9861,53.69,76,100,4.56
48,Thompson,CA,2022-05-03 04:47:30,55.7435,-97.8558,28.56,69,75,4.61
49,Puerto Ayora,EC,2022-05-03 04:47:30,-0.7393,-90.3518,70.93,91,7,4.74
50,Saldanha,ZA,2022-05-03 04:47:30,-33.0117,17.9442,57.25,91,54,14.7
51,Iqaluit,CA,2022-05-03 04:47:31,63.7506,-68.5145,11.93,79,40,23.02
52,Ituiutaba,BR,2022-05-03 04:47:31,-18.9689,-49.465,67.06,46,21,4.99
53,Ribeira Grande,PT,2022-05-03 04:44:00,38.5167,-28.7,61.59,86,85,10.63
54,Champasak,LA,2022-05-03 04:47:32,14.75,106.0,74.28,96,100,2.51
55,Mildura,AU,2022-05-03 04:47:32,-34.2,142.15,71.08,43,0,9.22
56,Tiksi,RU,2022-05-03 04:47:33,71.6872,128.8694,19.26,77,56,3.27
57,Doctor Cecilio Baez,PY,2022-05-03 04:47:33,-25.05,-56.3167,64.22,99,100,4.81
58,Sattahip,TH,2022-05-03 04:47:34,12.6664,100.9007,87.98,61,40,13.8
59,Turbat,PK,2022-05-03 04:47:34,26.0023,63.044,90.48,35,0,8.43
60,Mora,CM,2022-05-03 04:47:35,11.0461,14.1401,86.2,40,79,5.66
61,Okhotsk,RU,2022-05-03 04:47:35,59.3833,143.3,33.94,76,98,6.35
62,Karabuk,TR,2022-05-03 04:47:35,41.2049,32.6277,56.21,76,100,2.1
63,Aksu,CN,2022-05-03 04:47:36,41.1231,80.2644,79.54,11,45,6.11
64,Abnub,EG,2022-05-03 04:47:36,27.2696,31.1511,77.22,25,33,12.15
65,Jamestown,US,2022-05-03 04:45:12,42.097,-79.2353,49.59,94,100,1.99
66,Busselton,AU,2022-05-03 04:44:56,-33.65,115.3333,63.05,56,67,13.51
67,Fortuna,US,2022-05-03 04:45:05,40.5982,-124.1573,50.67,80,40,10.36
68,Talnakh,RU,2022-05-03 04:47:37,69.4865,88.3972,15.21,89,86,4.5
69,Tasiilaq,GL,2022-05-03 04:47:38,65.6145,-37.6368,23.16,96,99,3.11
70,Hobart,AU,2022-05-03 04:45:01,-42.8794,147.3294,70.27,47,0,13.8
71,Umm Lajj,SA,2022-05-03 04:47:38,25.0213,37.2685,85.5,43,15,10.33
72,Praia,CV,2022-05-03 04:47:39,14.9215,-23.5087,70.34,78,71,11.5
73,Praia Da Vitoria,PT,2022-05-03 04:47:39,38.7333,-27.0667,61.05,88,75,2.66
74,Yellowknife,CA,2022-05-03 04:45:07,62.456,-114.3525,39.72,45,20,11.5
75,Zaysan,KZ,2022-05-03 04:47:40,47.4667,84.8667,65.95,52,95,10.07
76,Namatanai,PG,2022-05-03 04:47:40,-3.6667,152.4333,84.63,69,86,4.68
77,Rawson,AR,2022-05-03 04:46:39,-43.3002,-65.1023,55.9,38,3,9.46
78,Kodiak,US,2022-05-03 04:47:41,57.79,-152.4072,44.11,87,100,10.36
79,Chokurdakh,RU,2022-05-03 04:44:58,70.6333,147.9167,28.85,89,100,10.07
80,Rexburg,US,2022-05-03 04:44:04,43.826,-111.7897,46.38,76,100,9.22
81,Celestun,MX,2022-05-03 04:47:42,20.8667,-90.4,79.86,70,42,11.32
82,Parambu,BR,2022-05-03 04:47:42,-6.2111,-40.6944,70.84,77,89,3.15
83,Lashio,MM,2022-05-03 04:47:42,22.9333,97.75,78.26,56,86,1.57
84,Tombouctou,ML,2022-05-03 04:47:43,20.0,-3.0,73.2,18,13,9.33
85,Husainabad,IN,2022-05-03 04:47:43,24.5333,84.0167,102.06,23,4,2.04
86,Bereda,ES,2022-05-03 04:47:44,43.2686,-7.5406,49.41,100,82,6.67
87,Qaanaaq,GL,2022-05-03 04:45:12,77.484,-69.3632,6.69,68,14,7.34
88,Mar Del Plata,AR,2022-05-03 04:44:56,-38.0023,-57.5575,48.87,71,75,3.44
89,Atuona,PF,2022-05-03 04:44:54,-9.8,-139.0333,79.32,81,76,15.73
90,Salto Del Guaira,PY,2022-05-03 04:47:45,-24.0625,-54.3069,68.5,92,90,2.62
91,Shingu,JP,2022-05-03 04:48:45,33.7333,135.9833,63.81,45,0,6.2
92,Saint George,US,2022-05-03 04:45:06,37.1041,-113.5841,73.26,22,0,11.5
93,Lorengau,PG,2022-05-03 04:48:46,-2.0226,147.2712,84.58,72,98,3.38
94,Znamenskoye,RU,2022-05-03 04:48:47,57.1281,73.8282,46.0,34,2,8.12
95,Lebu,CL,2022-05-03 04:48:47,-37.6167,-73.65,49.66,86,6,14.97
96,Mehamn,NO,2022-05-03 04:48:47,71.0357,27.8492,28.35,86,100,1.14
97,Mandera,KE,2022-05-03 04:48:48,3.9366,41.867,80.76,66,99,13.02
98,Grindavik,IS,2022-05-03 04:48:48,63.8424,-22.4338,43.27,93,100,8.05
99,San Patricio,US,2022-05-03 04:48:49,28.017,-97.5169,80.89,84,57,15.12
100,Mushie,CD,2022-05-03 04:48:49,-3.0167,16.9,70.68,93,44,1.7
101,Bambous Virieux,MU,2022-05-03 04:48:50,-20.3428,57.7575,80.22,94,40,6.91
102,Dunedin,NZ,2022-05-03 04:47:22,-45.8742,170.5036,58.8,80,0,5.99
103,Pauini,BR,2022-05-03 04:48:50,-7.7136,-66.9764,71.62,99,100,2.57
104,Ixtapa,MX,2022-05-03 04:48:51,20.7,-105.2,76.23,83,100,1.01
105,Luderitz,NA,2022-05-03 04:48:51,-26.6481,15.1594,64.71,54,12,10.47
106,Bundaberg,AU,2022-05-03 04:48:52,-24.85,152.35,80.22,67,46,14.97
107,New Norfolk,AU,2022-05-03 04:48:52,-42.7826,147.0587,69.93,45,100,4.0
108,Airai,TL,2022-05-03 04:48:53,-8.9266,125.4092,74.12,55,62,3.44
109,Mahajanga,MG,2022-05-03 04:44:50,-15.7167,46.3167,75.22,78,20,4.61
110,Bonavista,CA,2022-05-03 04:48:53,48.6499,-53.1147,35.98,91,100,17.56
111,Puerto Narino,CO,2022-05-03 04:48:54,-3.7703,-70.3831,71.04,97,100,1.43
112,Bilma,NE,2022-05-03 04:48:54,18.6853,12.9164,81.75,21,31,9.8
113,Krasnogorskoye,RU,2022-05-03 04:48:55,52.2953,86.1979,59.52,42,71,10.51
114,Ponta Do Sol,PT,2022-05-03 04:48:55,32.6667,-17.1,64.0,73,3,6.31
115,Vaini,TO,2022-05-03 04:45:11,-21.2,-175.2,77.16,78,40,11.5
116,Qui Nhon,VN,2022-05-03 04:48:56,13.7667,109.2333,80.64,72,100,19.84
117,Altamira,BR,2022-05-03 04:48:57,-3.2033,-52.2064,71.65,98,70,1.32
118,Saint Anthony,US,2022-05-03 04:48:57,45.0205,-93.218,46.65,66,100,6.91
119,Sivaki,RU,2022-05-03 04:48:57,52.6333,126.75,46.04,27,5,14.99
120,Manokwari,ID,2022-05-03 04:48:58,-0.8667,134.0833,83.19,76,62,6.11
121,Shubarshi,KZ,2022-05-03 04:48:58,48.5872,57.1869,56.61,40,97,16.13
122,Esperance,AU,2022-05-03 04:48:59,-33.8667,121.9,64.24,65,99,17.98
123,Severo-Kurilsk,RU,2022-05-03 04:48:59,50.6789,156.125,37.45,76,100,6.69
124,Port Alfred,ZA,2022-05-03 04:45:04,-33.5906,26.891,66.29,48,98,8.63
125,Arraial Do Cabo,BR,2022-05-03 04:49:00,-22.9661,-42.0278,75.65,88,13,9.78
126,Burgeo,CA,2022-05-03 04:49:00,47.6167,-57.6152,39.06,90,100,6.55
127,Kavieng,PG,2022-05-03 04:49:01,-2.5744,150.7967,84.85,71,18,6.13
128,Hofn,IS,2022-05-03 04:44:59,64.2539,-15.2082,40.62,88,100,12.55
129,Broome,US,2022-05-03 04:49:01,42.2506,-75.833,53.46,87,100,3.44
130,Kapuskasing,CA,2022-05-03 04:49:02,49.4169,-82.4331,48.29,100,100,5.75
131,Provideniya,RU,2022-05-03 04:49:02,64.3833,-173.3,29.28,66,69,2.17
132,Salinopolis,BR,2022-05-03 04:49:03,-0.6136,-47.3561,76.08,92,58,5.48
133,Dikson,RU,2022-05-03 04:49:03,73.5069,80.5464,14.23,91,100,11.3
134,Melchor De Mencos,GT,2022-05-03 04:49:04,17.0686,-89.1522,78.8,83,0,4.61
135,Leh,IN,2022-05-03 04:49:04,34.1667,77.5833,53.46,31,0,3.49
136,Albany,US,2022-05-03 04:47:53,42.6001,-73.9662,49.46,90,93,1.14
137,Aswan,EG,2022-05-03 04:50:05,24.0934,32.907,79.9,14,0,6.91
138,Kirakira,SB,2022-05-03 04:50:05,-10.4544,161.9205,83.28,73,77,5.7
139,Sorland,NO,2022-05-03 04:50:05,67.667,12.6934,36.18,57,100,21.09
140,Hermanus,ZA,2022-05-03 04:50:06,-34.4187,19.2345,62.02,92,53,5.84
141,Torbat-E Jam,IR,2022-05-03 04:50:07,35.244,60.6225,65.39,65,72,5.99
142,Bafq,IR,2022-05-03 04:50:07,31.6128,55.4107,74.03,31,0,10.45
143,Ibra,OM,2022-05-03 04:50:08,22.6906,58.5334,91.2,15,0,3.0
144,East London,ZA,2022-05-03 04:49:11,-33.0153,27.9116,52.74,93,0,5.75
145,Paamiut,GL,2022-05-03 04:50:08,61.994,-49.6678,28.67,82,71,6.73
146,Cherskiy,RU,2022-05-03 04:50:09,68.75,161.3,32.97,97,82,2.64
147,Huilong,CN,2022-05-03 04:50:09,31.8111,121.655,68.47,63,16,9.31
148,Sitka,US,2022-05-03 04:50:09,57.0531,-135.33,44.49,70,100,20.71
149,Butaritari,KI,2022-05-03 04:50:10,3.0707,172.7902,80.69,78,19,10.65
150,Clyde River,CA,2022-05-03 04:50:10,70.4692,-68.5914,5.23,85,20,18.41
151,Cape Coast,GH,2022-05-03 04:50:11,5.1053,-1.2466,79.36,84,70,4.07
152,Katsuura,JP,2022-05-03 04:50:11,35.1333,140.3,58.93,61,38,11.25
153,Khatanga,RU,2022-05-03 04:50:12,71.9667,102.5,24.3,80,99,3.67
154,Marienburg,PL,2022-05-03 04:50:12,54.0359,19.0266,47.88,76,69,7.85
155,Gizo,SB,2022-05-03 04:50:13,-8.103,156.8419,83.73,73,53,3.06
156,Russell,US,2022-05-03 04:50:13,32.3502,-85.1999,73.0,88,0,0.0
157,San Matias,BO,2022-05-03 04:50:14,-16.3667,-58.4,77.05,66,93,3.87
158,Bull Savanna,JM,2022-05-03 04:50:14,17.8868,-77.5902,73.98,86,11,11.48
159,Hamilton,US,2022-05-03 04:50:08,39.1834,-84.5333,62.01,71,100,1.99
160,Chara,RU,2022-05-03 04:50:15,56.9064,118.2631,29.25,65,98,4.25
161,Timmins,CA,2022-05-03 04:49:27,48.4669,-81.3331,46.22,100,100,4.61
162,Mpraeso,GH,2022-05-03 04:50:15,6.5932,-0.7346,70.45,98,100,2.3
163,Bossangoa,CF,2022-05-03 04:50:16,6.4926,17.4552,69.76,92,98,4.7
164,Conde,BR,2022-05-03 04:50:16,-7.2597,-34.9075,76.46,94,0,4.61
165,Tabou,CI,2022-05-03 04:50:17,4.423,-7.3528,79.47,82,87,3.11
166,Roald,NO,2022-05-03 04:50:17,62.5833,6.1333,40.75,93,40,3.44
167,Vila Velha,BR,2022-05-03 04:50:18,-20.3297,-40.2925,73.35,89,0,6.91
168,Port Lincoln,AU,2022-05-03 04:50:18,-34.7333,135.8667,68.16,57,0,20.22
169,Rosarito,MX,2022-05-03 04:49:44,32.3333,-117.0333,61.48,79,3,2.33
170,Ternate,ID,2022-05-03 04:48:51,0.8,127.4,85.84,69,30,7.29
171,Bakurianis Andeziti,GE,2022-05-03 04:50:19,41.7337,43.4724,47.71,73,89,0.94
172,Atraulia,IN,2022-05-03 04:50:19,26.3333,82.95,95.32,35,19,12.26
173,Nikolskoye,RU,2022-05-03 04:50:20,59.7035,30.7861,44.87,61,92,10.42
174,Ilulissat,GL,2022-05-03 04:50:20,69.2167,-51.1,14.22,91,100,4.09
175,Iquitos,PE,2022-05-03 04:50:21,-3.7481,-73.2472,77.04,94,100,2.3
176,Iralaya,HN,2022-05-03 04:50:21,15.0,-83.2333,79.3,88,40,11.95
177,Te Anau,NZ,2022-05-03 04:50:22,-45.4167,167.7167,57.29,72,20,1.79
178,Baykit,RU,2022-05-03 04:50:22,61.67,96.37,36.52,90,100,11.12
179,Georgetown,MY,2022-05-03 04:44:30,5.4112,100.3354,85.98,74,20,7.0
180,Cayenne,GF,2022-05-03 04:50:23,4.9333,-52.3333,75.09,1,0,2.3
181,Westport,US,2022-05-03 04:50:23,41.1415,-73.3579,52.56,93,100,5.01
182,Hervey Bay,AU,2022-05-03 04:51:24,-25.2986,152.8535,77.02,73,14,8.01
183,Buala,SB,2022-05-03 04:51:24,-8.145,159.5921,84.36,67,64,3.06
184,Nenjiang,CN,2022-05-03 04:51:25,49.1833,125.2167,54.32,33,100,8.75
185,Marshall,US,2022-05-03 04:47:47,34.3834,-86.3333,71.31,86,0,4.61
186,San Rafael,AR,2022-05-03 04:51:25,-34.6177,-68.3301,48.51,53,0,4.85
187,Barnaul,RU,2022-05-03 04:51:26,53.3606,83.7636,57.92,30,0,20.13
188,Tagusao,PH,2022-05-03 04:51:26,9.1924,117.8141,85.84,67,55,4.45
189,Hay River,CA,2022-05-03 04:45:09,60.8156,-115.7999,44.58,49,40,9.22
190,Tairua,NZ,2022-05-03 04:51:27,-37.0167,175.85,61.79,80,99,4.41
191,Ahipara,NZ,2022-05-03 04:51:27,-35.1667,173.1667,65.62,67,94,7.74
192,Rodez,FR,2022-05-03 04:51:27,44.5,2.5833,51.48,93,100,3.44
193,Traralgon,AU,2022-05-03 04:51:28,-38.1833,146.5333,72.37,33,3,5.7
194,Lagoa,PT,2022-05-03 04:51:28,39.05,-27.9833,59.68,91,68,9.26
195,Sao Jose Da Coroa Grande,BR,2022-05-03 04:51:29,-8.8978,-35.1478,77.5,84,93,5.86
196,Egvekinot,RU,2022-05-03 04:51:29,66.3167,-179.1667,20.43,73,30,4.41
197,Ruy Barbosa,BR,2022-05-03 04:51:30,-12.2839,-40.4939,65.25,98,9,0.51
198,Katobu,ID,2022-05-03 04:51:30,-4.9408,122.5276,86.0,70,32,1.43
199,Lazaro Cardenas,MX,2022-05-03 04:51:31,17.9583,-102.2,75.47,67,93,2.1
200,Dingli,MT,2022-05-03 04:51:31,35.8614,14.3822,57.81,94,20,2.3
201,Santa Isabel,BR,2022-05-03 04:51:31,-23.3156,-46.2214,69.1,98,71,1.1
202,Carnarvon,AU,2022-05-03 04:51:32,-24.8667,113.6333,77.07,57,0,14.97
203,Comodoro Rivadavia,AR,2022-05-03 04:49:29,-45.8667,-67.5,53.46,54,0,4.61
204,Moyale,KE,2022-05-03 04:51:32,3.5167,39.0584,68.02,88,73,8.3
205,Kurumkan,RU,2022-05-03 04:51:33,54.3,110.3,54.55,65,90,5.57
206,Dingle,PH,2022-05-03 04:51:33,10.9995,122.6711,87.78,62,85,11.54
207,Englehart,CA,2022-05-03 04:51:34,47.8169,-79.8664,48.76,93,100,9.22
208,Isla Vista,US,2022-05-03 04:51:34,34.4133,-119.861,57.45,74,0,4.61
209,Shinpokh,PK,2022-05-03 04:51:35,34.3292,71.1782,86.34,35,81,3.24
210,Los Llanos De Aridane,ES,2022-05-03 04:51:35,28.6585,-17.9182,62.35,83,100,16.11
211,Cabo San Lucas,MX,2022-05-03 04:49:25,22.8909,-109.9124,71.62,40,95,3.0
212,Bernay,FR,2022-05-03 04:51:36,49.1667,0.6667,49.96,82,88,6.53
213,Sabang,ID,2022-05-03 04:51:36,5.8933,95.3214,81.45,82,100,19.44
214,Lalin,ES,2022-05-03 04:51:37,42.7167,-8.1167,46.45,89,19,6.62
215,Ampanihy,MG,2022-05-03 04:51:37,-24.7,44.75,66.76,73,0,7.78
216,Vila Franca Do Campo,PT,2022-05-03 04:45:11,37.7167,-25.4333,64.2,88,80,5.17
217,Daru,PG,2022-05-03 04:51:38,-9.0763,143.2092,84.24,71,78,11.14
218,Bethel,US,2022-05-03 04:51:38,41.3712,-73.414,51.67,91,100,3.0
219,Pangnirtung,CA,2022-05-03 04:51:39,66.1451,-65.7125,14.61,97,100,1.12
220,Mulanje,MW,2022-05-03 04:51:39,-16.0316,35.5,61.77,96,83,5.41
221,La Romana,DO,2022-05-03 04:49:06,18.4273,-68.9728,74.77,89,81,7.83
222,Norman Wells,CA,2022-05-03 04:51:40,65.282,-126.8329,51.84,46,75,9.22
223,Aquiraz,BR,2022-05-03 04:51:40,-3.9014,-38.3911,78.89,89,95,9.86
224,Kampot,KH,2022-05-03 04:51:41,10.6167,104.1833,82.45,89,100,4.21
225,Bud,US,2022-05-03 04:51:41,39.447,-86.1758,62.62,69,100,8.14
226,Hasaki,JP,2022-05-03 04:51:42,35.7333,140.8333,70.29,50,40,8.37
227,Vilhena,BR,2022-05-03 04:52:42,-12.7406,-60.1458,69.3,90,81,2.98
228,Faya,SA,2022-05-03 04:52:43,18.3851,42.4509,68.11,40,7,3.44
229,Shiyan,CN,2022-05-03 04:52:43,32.6475,110.7781,79.41,26,1,6.31
230,Mahebourg,MU,2022-05-03 04:52:44,-20.4081,57.7,80.26,94,40,6.91
231,Tuatapere,NZ,2022-05-03 04:52:44,-46.1333,167.6833,59.56,76,22,2.84
232,Somerset,US,2022-05-03 04:52:44,40.5668,-74.5496,55.29,95,100,1.01
233,Hopewell,US,2022-05-03 04:52:45,37.3043,-77.2872,66.2,89,80,2.35
234,San Policarpo,PH,2022-05-03 04:52:45,12.1791,125.5072,84.11,68,89,8.75
235,Boyolangu,ID,2022-05-03 04:52:46,-8.1181,111.8935,85.46,72,39,7.14
236,Kadoma,JP,2022-05-03 04:52:46,34.7333,135.5833,70.65,34,20,6.91
237,Potam,MX,2022-05-03 04:52:47,27.6,-110.3833,70.38,66,4,4.97
238,Touros,BR,2022-05-03 04:52:47,-5.1989,-35.4608,76.44,92,59,9.8
239,Almaznyy,RU,2022-05-03 04:52:48,48.0448,40.045,48.25,61,21,5.86
240,Banjarmasin,ID,2022-05-03 04:51:33,-3.3244,114.591,91.54,57,80,1.63
241,San Cristobal,VE,2022-05-03 04:52:48,7.7669,-72.225,75.38,87,69,3.4
242,Qandala,SO,2022-05-03 04:52:49,11.472,49.8728,89.01,58,1,2.55
243,Srandakan,ID,2022-05-03 04:52:49,-7.9386,110.2506,87.96,67,69,11.97
244,Pahrump,US,2022-05-03 04:52:50,36.2083,-115.9839,77.05,17,30,20.0
245,Avarua,CK,2022-05-03 04:51:22,-21.2078,-159.775,82.45,78,20,16.11
246,Narrabri,AU,2022-05-03 04:52:50,-30.3167,149.7833,78.53,38,0,1.99
247,Smithers,CA,2022-05-03 04:52:51,54.7804,-127.1743,48.52,53,75,6.91
248,Shambu,ET,2022-05-03 04:52:51,9.5667,37.1,59.67,69,47,2.62
249,Jumla,NP,2022-05-03 04:52:52,29.2747,82.1838,72.16,39,7,7.49
250,Nyimba,ZM,2022-05-03 04:52:52,-14.5566,30.8149,61.66,80,50,4.63
251,Georgiyevka,KZ,2022-05-03 04:52:53,43.0369,74.7114,64.44,63,40,4.47
252,Lagos,NG,2022-05-03 04:48:59,6.5833,3.75,77.32,91,99,0.31
253,Caravelas,BR,2022-05-03 04:45:00,-17.7125,-39.2481,72.86,85,0,5.08
254,Klamath Falls,US,2022-05-03 04:48:53,42.2249,-121.7817,37.87,76,75,10.36
255,Kamskiye Polyany,RU,2022-05-03 04:52:54,55.4307,51.4171,50.81,50,13,11.32
256,Piacabucu,BR,2022-05-03 04:52:54,-10.4056,-36.4344,76.1,86,52,2.33
257,Normandin,CA,2022-05-03 04:52:54,48.8333,-72.5321,44.73,61,39,4.61
258,Reconquista,AR,2022-05-03 04:52:55,-29.15,-59.65,51.19,88,100,7.43
259,Zunyi,CN,2022-05-03 04:52:55,27.6867,106.9072,66.07,55,100,2.15
260,Dryden,CA,2022-05-03 04:52:56,49.7833,-92.7503,34.09,80,100,4.61
261,Beringovskiy,RU,2022-05-03 04:52:56,63.05,179.3167,28.89,71,64,2.53
262,Ambulu,ID,2022-05-03 04:52:57,-8.345,113.6058,87.71,65,50,8.32
263,Butterworth,MY,2022-05-03 04:52:57,5.3991,100.3638,87.84,74,20,7.0
264,Denpasar,ID,2022-05-03 04:50:03,-8.65,115.2167,87.46,74,20,14.97
265,Samana,DO,2022-05-03 04:52:58,19.2056,-69.3369,74.14,90,94,6.31
266,Geraldton,AU,2022-05-03 04:52:58,-28.7667,114.6,77.41,53,0,16.11
267,Riyadh,SA,2022-05-03 04:50:59,24.6877,46.7219,77.14,16,0,3.8
268,Port Keats,AU,2022-05-03 04:52:59,-14.25,129.55,93.4,34,2,2.19
269,Oranjestad,AW,2022-05-03 04:50:04,12.524,-70.027,80.55,78,20,21.85
270,Dovers,VC,2022-05-03 04:52:59,12.8833,-61.1833,79.48,80,22,19.08
271,Itoman,JP,2022-05-03 04:53:00,26.1247,127.6694,75.97,55,75,17.27
272,Buritis,BR,2022-05-03 04:53:00,-15.6178,-46.4233,72.27,52,49,1.23
273,Mezen,RU,2022-05-03 04:54:01,65.8522,44.24,34.93,98,100,10.69
274,Zhigansk,RU,2022-05-03 04:54:01,66.7697,123.3711,27.16,70,1,8.43
275,Amapa,BR,2022-05-03 04:54:02,1.0,-52.0,70.93,100,87,1.3
276,Vuktyl,RU,2022-05-03 04:54:02,63.8567,57.3094,36.88,74,93,13.69
277,Mumford,GH,2022-05-03 04:54:03,5.2618,-0.759,78.71,86,64,3.8
278,Souillac,MU,2022-05-03 04:45:00,-20.5167,57.5167,77.38,94,40,6.91
279,Nelson Bay,AU,2022-05-03 04:45:08,-32.7167,152.15,74.08,66,0,3.0
280,Benin,BJ,2022-05-03 04:54:03,9.5,2.25,75.18,85,100,6.02
281,Viedma,AR,2022-05-03 04:54:04,-40.8135,-62.9967,50.18,60,1,15.01
282,Isangel,VU,2022-05-03 04:54:04,-19.55,169.2667,81.41,79,1,10.2
283,Castro,BR,2022-05-03 04:54:05,-24.7911,-50.0119,57.94,94,9,3.58
284,Baglan,AF,2022-05-03 04:54:05,36.1307,68.7083,78.67,48,100,2.28
285,Coihaique,CL,2022-05-03 04:54:06,-45.5752,-72.0662,47.01,76,100,3.44
286,Mizan Teferi,ET,2022-05-03 04:54:06,6.9833,35.5833,63.75,98,99,1.45
287,Port-Gentil,GA,2022-05-03 04:54:07,-0.7193,8.7815,79.36,84,100,6.58
288,Tekirdag,TR,2022-05-03 04:54:07,40.978,27.5085,51.15,90,100,14.27
289,Longyearbyen,SJ,2022-05-03 04:54:08,78.2186,15.6401,10.24,56,20,10.36
290,Teacapan,MX,2022-05-03 04:54:08,22.55,-105.75,69.84,78,99,2.55
291,Moron,AR,2022-05-03 04:50:06,-34.6534,-58.6198,51.55,74,43,3.69
292,Kaeo,NZ,2022-05-03 04:54:09,-35.1,173.7833,65.32,79,100,9.37
293,Ous,RU,2022-05-03 04:54:09,60.9058,61.5186,41.56,43,4,8.95
294,Saint-Pierre,RE,2022-05-03 04:54:10,-21.3393,55.4781,79.92,67,0,5.75
295,Zhangzhou,CN,2022-05-03 04:54:10,24.5133,117.6556,76.93,33,23,7.31
296,Beidao,CN,2022-05-03 04:44:57,34.5686,105.8933,72.19,27,0,8.97
297,Kurilsk,RU,2022-05-03 04:54:11,45.2333,147.8833,37.22,90,81,15.57
298,Rio Pardo De Minas,BR,2022-05-03 04:54:11,-15.6097,-42.5397,62.15,81,32,2.95
299,Torbay,CA,2022-05-03 04:54:12,47.6666,-52.7314,39.27,95,100,8.05
300,Gemena,CD,2022-05-03 04:54:12,3.25,19.7667,70.68,91,100,2.21
301,Aripuana,BR,2022-05-03 04:54:13,-9.1667,-60.6333,71.92,99,91,2.42
302,Flinders,AU,2022-05-03 04:54:13,-34.5833,150.8552,76.28,64,0,10.45
303,Alice Springs,AU,2022-05-03 04:54:13,-23.7,133.8833,74.75,38,100,5.75
304,Muisne,EC,2022-05-03 04:54:14,0.6,-80.0333,76.77,86,92,2.84
305,Xianyang,CN,2022-05-03 04:54:14,34.3378,108.7026,79.84,24,0,6.71
306,Puerto Leguizamo,CO,2022-05-03 04:54:15,-0.1934,-74.7819,71.47,97,97,1.66
307,Taoudenni,ML,2022-05-03 04:54:15,22.6783,-3.9836,77.92,18,27,8.72
308,Zomin,UZ,2022-05-03 04:54:16,39.9606,68.3958,76.39,48,97,4.03
309,Victoria,HK,2022-05-03 04:40:19,22.2855,114.1577,80.96,51,56,8.01
310,Kupang,ID,2022-05-03 04:54:17,-10.1667,123.5833,88.16,57,17,12.8
311,Perbaungan,ID,2022-05-03 04:54:17,3.5679,98.956,80.71,86,100,4.21
312,Amga,RU,2022-05-03 04:54:17,60.8953,131.9608,35.13,54,100,4.59
313,Vanimo,PG,2022-05-03 04:54:18,-2.6741,141.3028,84.76,71,50,6.8
314,Waipawa,NZ,2022-05-03 04:54:18,-41.4122,175.5153,58.14,85,54,1.81
315,Hobyo,SO,2022-05-03 04:54:19,5.3505,48.5268,87.01,61,58,16.11
316,Bairiki,KI,2022-05-03 04:54:19,1.3292,172.9752,84.2,79,20,8.05
317,Mponela,MW,2022-05-03 04:54:20,-13.5319,33.7401,53.69,90,64,5.84
318,Brownsville,US,2022-05-03 04:54:20,25.9018,-97.4975,80.55,87,40,18.41
319,Shimoda,JP,2022-05-03 04:55:21,34.6667,138.95,65.1,57,38,8.34
320,Laje,BR,2022-05-03 04:55:21,-10.1833,-40.9667,66.36,82,65,4.74
321,Santiago,CL,2022-05-03 04:51:39,-33.4569,-70.6483,61.18,49,0,4.61
322,San Quintin,MX,2022-05-03 04:55:22,30.4833,-115.95,57.7,85,54,6.76
323,La Ronge,CA,2022-05-03 04:55:22,55.1001,-105.2842,34.05,100,100,14.97
324,Yeppoon,AU,2022-05-03 04:55:23,-23.1333,150.7333,82.18,75,57,15.21
325,Srednekolymsk,RU,2022-05-03 04:55:23,67.45,153.6833,34.38,100,100,7.56
326,Bubaque,GW,2022-05-03 04:55:24,11.2833,-15.8333,76.87,68,77,8.55
327,Lircay,PE,2022-05-03 04:55:24,-12.9896,-74.7205,43.3,86,100,5.95
328,Griffith,US,2022-05-03 04:51:16,41.5284,-87.4237,50.27,79,100,5.75
329,Solnechnyy,RU,2022-05-03 04:55:25,50.7214,136.6319,45.21,59,98,5.46
330,Bambanglipuro,ID,2022-05-03 04:55:25,-7.95,110.2833,87.84,67,68,11.77
331,Ostrovnoy,RU,2022-05-03 04:55:26,68.0531,39.5131,30.63,98,100,24.79
332,Gat,IL,2022-05-03 04:55:26,31.61,34.7642,84.88,27,79,8.16
333,Puri,IN,2022-05-03 04:55:27,19.8,85.85,93.72,78,79,18.14
334,Chabahar,IR,2022-05-03 04:55:27,25.2919,60.643,84.92,61,0,17.36
335,Eureka,US,2022-05-03 04:54:29,40.8021,-124.1637,49.93,82,42,10.0
336,Nuuk,GL,2022-05-03 04:55:28,64.1835,-51.7216,27.39,84,100,10.49
337,Belaya Gora,RU,2022-05-03 04:55:28,68.5333,146.4167,33.1,100,100,3.76
338,Esso,RU,2022-05-03 04:55:28,55.9333,158.7,34.41,83,87,1.36
339,Bonthe,SL,2022-05-03 04:55:29,7.5264,-12.505,74.37,91,97,7.54
340,Vega De Alatorre,MX,2022-05-03 04:55:29,20.0333,-96.6333,79.29,83,22,12.46
341,Tayu,ID,2022-05-03 04:55:30,-6.5397,111.0518,87.4,65,93,9.28
342,Fernley,US,2022-05-03 04:52:03,39.608,-119.2518,52.66,33,82,8.99
343,Pisco,PE,2022-05-03 04:55:30,-13.7,-76.2167,64.45,82,52,6.91
344,Necochea,AR,2022-05-03 04:55:31,-38.5473,-58.7368,43.92,79,5,9.53
345,Mount Gambier,AU,2022-05-03 04:55:31,-37.8333,140.7667,69.71,43,40,24.16
346,Yatou,CN,2022-05-03 04:55:32,37.15,122.3833,65.19,53,1,20.76
347,Odolena Voda,CZ,2022-05-03 04:55:32,50.2334,14.4108,53.89,87,0,3.44
348,Shahr-E Babak,IR,2022-05-03 04:55:33,30.1165,55.1186,64.4,26,0,1.5
349,Matadi,CD,2022-05-03 04:55:10,-5.8167,13.45,74.71,98,22,1.5
350,Lockhart,US,2022-05-03 04:55:33,28.6194,-81.4426,75.16,75,79,1.99
351,College,US,2022-05-03 04:55:34,64.8569,-147.8028,51.78,35,0,11.5
352,Livramento,BR,2022-05-03 04:55:34,-3.0254,-60.1803,77.68,94,75,0.0
353,Voznesenye,RU,2022-05-03 04:55:35,61.0106,35.4781,40.57,78,99,13.56
354,Mayo,US,2022-05-03 04:55:35,38.8876,-76.5119,63.75,91,0,3.44
355,Vangaindrano,MG,2022-05-03 04:55:36,-23.35,47.6,70.05,85,94,3.31
356,Rafaela,AR,2022-05-03 04:55:36,-31.2503,-61.4867,50.99,55,100,1.01
357,North Bend,US,2022-05-03 04:55:37,43.4065,-124.2243,48.85,96,100,10.36
358,Nome,US,2022-05-03 04:54:23,64.5011,-165.4064,29.16,61,7,11.07
359,Borogontsy,RU,2022-05-03 04:55:37,62.6683,131.1683,31.19,65,100,7.67
360,Teguise,ES,2022-05-03 04:55:38,29.0605,-13.564,61.02,77,75,9.22
361,Velykyy Klyuchiv,UA,2022-05-03 04:55:38,48.4709,24.9468,50.29,80,20,1.9
362,Sangar,RU,2022-05-03 04:55:38,63.9242,127.4739,28.85,80,100,2.01
363,Sisimiut,GL,2022-05-03 04:55:39,66.9395,-53.6735,24.66,95,100,1.72
364,Asau,RO,2022-05-03 04:56:39,46.4333,26.4,49.95,70,100,2.37
365,Shelburne,CA,2022-05-03 04:56:40,44.0787,-80.2041,47.19,91,98,4.65
366,Labis,MY,2022-05-03 04:56:40,2.385,103.021,86.04,68,100,5.91
367,Mareeba,AU,2022-05-03 04:56:41,-17.0,145.4333,80.65,85,61,6.42
368,Flin Flon,CA,2022-05-03 04:56:41,54.7682,-101.865,29.41,97,100,10.02
369,Rocha,UY,2022-05-03 04:56:42,-34.4833,-54.3333,51.73,87,87,1.05
370,Jhawarian,PK,2022-05-03 04:56:42,32.3614,72.6228,98.6,16,83,0.89
371,Houma,US,2022-05-03 04:56:42,29.5958,-90.7195,77.0,87,40,10.36
372,Dubrovka,RU,2022-05-03 04:56:43,53.6907,33.5071,48.63,82,47,10.04
373,Kangaatsiaq,GL,2022-05-03 04:56:43,68.3065,-53.4641,19.9,92,100,4.61
374,Yumen,CN,2022-05-03 04:56:44,40.2833,97.2,77.49,6,2,17.34
375,Pochutla,MX,2022-05-03 04:56:44,15.7432,-96.4661,80.82,65,100,3.91
376,Reque,PE,2022-05-03 04:56:45,-6.8656,-79.8178,65.26,85,85,11.23
377,Kemijarvi,FI,2022-05-03 04:56:45,66.7131,27.4306,29.75,84,100,19.3
378,Swift Current,CA,2022-05-03 04:56:46,50.2834,-107.8014,50.81,43,100,10.36
379,Kamenka,RU,2022-05-03 04:56:46,51.3223,42.7678,50.09,51,2,8.12
380,Marquette,US,2022-05-03 04:56:47,46.5333,-87.6335,40.44,87,100,3.87
381,Andenes,NO,2022-05-03 04:56:47,69.3143,16.1194,30.18,86,40,13.8
382,Pinotepa De Don Luis,MX,2022-05-03 04:56:47,16.4167,-97.9167,76.1,59,93,2.91
383,Aklavik,CA,2022-05-03 04:56:48,68.2191,-135.0107,31.75,98,96,3.02
384,Codrington,AU,2022-05-03 04:56:48,-38.2667,141.9667,71.37,39,81,17.87
385,Vila,PT,2022-05-03 04:56:49,42.0304,-8.1588,40.69,84,25,5.64
386,Karratha,AU,2022-05-03 04:56:49,-20.7377,116.8463,91.22,34,0,10.78
387,Porto Belo,BR,2022-05-03 04:56:50,-27.1578,-48.5531,68.9,89,100,13.82
388,Lahij,YE,2022-05-03 04:56:50,13.1667,44.5833,84.25,51,14,4.56
389,Chicama,PE,2022-05-03 04:56:51,-7.8447,-79.1469,61.34,81,38,5.64
390,Coyoles,MX,2022-05-03 04:56:51,19.4825,-96.6858,73.29,83,64,3.44
391,Port Blair,IN,2022-05-03 04:56:07,11.6667,92.75,89.64,66,75,6.91
392,Lethem,GY,2022-05-03 04:56:52,3.3803,-59.7968,77.74,73,72,8.99
393,Maningrida,AU,2022-05-03 04:56:52,-12.0667,134.2667,89.85,52,27,10.31
394,Urumqi,CN,2022-05-03 04:56:53,43.801,87.6005,83.35,13,0,4.47
395,Tucuman,AR,2022-05-03 04:56:53,-26.8241,-65.2226,50.0,87,20,5.75
396,Guerrero Negro,MX,2022-05-03 04:56:54,27.9769,-114.0611,58.8,82,44,13.71
397,Adrar,MR,2022-05-03 04:56:54,20.5022,-10.0711,75.22,17,66,6.71
398,San Jose,US,2022-05-03 04:54:02,37.3394,-121.895,55.11,67,0,4.61
399,Yanam,IN,2022-05-03 04:56:55,16.7333,82.2167,96.71,46,9,8.3
400,Cap-Aux-Meules,CA,2022-05-03 04:56:55,47.3821,-61.8597,35.62,87,100,12.66
401,Buraydah,SA,2022-05-03 04:56:55,26.326,43.975,73.85,19,2,5.01
402,Sabya,SA,2022-05-03 04:56:56,17.1495,42.6254,87.42,65,1,3.29
403,Murgab,TM,2022-05-03 04:56:56,37.4966,61.9714,66.07,88,100,9.22
404,Road Town,VG,2022-05-03 04:56:28,18.4167,-64.6167,77.09,83,100,20.6
405,Trinidad,BO,2022-05-03 04:56:57,-14.8333,-64.9,77.25,77,63,4.34
406,Temiscaming,CA,2022-05-03 04:56:57,46.7212,-79.0971,45.95,87,97,4.61
407,Faanui,PF,2022-05-03 04:56:58,-16.4833,-151.75,80.83,75,86,8.19
408,Hambantota,LK,2022-05-03 04:57:59,6.1241,81.1185,89.94,84,75,11.16
409,Hami,CN,2022-05-03 04:57:59,42.8,93.45,80.53,7,23,4.65
410,Adra,ES,2022-05-03 04:57:59,36.7496,-3.0206,59.38,82,14,2.24
411,Pizarro,CO,2022-05-03 04:58:00,4.9533,-77.366,79.66,84,78,2.75
412,Ancud,CL,2022-05-03 04:58:00,-41.8697,-73.8203,50.61,90,100,7.74
413,Tura,IN,2022-05-03 04:58:01,25.5198,90.2201,78.82,76,66,2.66
414,Khani,GE,2022-05-03 04:58:01,41.9563,42.9566,45.97,73,74,3.47
415,Mugur-Aksy,RU,2022-05-03 04:58:02,50.35,90.5,53.17,46,98,5.79
416,Acajutla,SV,2022-05-03 04:58:02,13.5928,-89.8275,82.08,79,68,4.97
417,Maarianhamina,AX,2022-05-03 04:58:03,60.0973,19.9348,39.06,60,20,18.41
418,Yerbogachen,RU,2022-05-03 04:58:03,61.2767,108.0108,34.47,57,100,15.03
419,Ishim,RU,2022-05-03 04:58:04,56.1128,69.4902,49.95,44,22,13.51
420,Willowmore,ZA,2022-05-03 04:58:04,-33.2926,23.4895,57.04,38,75,3.94
421,Progreso,MX,2022-05-03 04:58:04,21.2833,-89.6667,82.11,71,33,10.85
422,Dawson Creek,CA,2022-05-03 04:54:31,55.7666,-120.2362,40.64,93,100,3.44
423,Ca Mau,VN,2022-05-03 04:58:05,9.1769,105.15,88.83,61,96,8.37
424,Kavaratti,IN,2022-05-03 04:58:05,10.5669,72.642,84.87,70,80,13.53
425,Kununurra,AU,2022-05-03 04:58:06,-15.7667,128.7333,94.98,29,0,9.22
426,Kahului,US,2022-05-03 04:58:06,20.8947,-156.47,73.85,90,100,11.01
427,Portland,US,2022-05-03 04:57:26,45.5234,-122.6762,52.38,90,100,1.99
428,Saint Pete Beach,US,2022-05-03 04:58:07,27.7253,-82.7412,77.0,70,100,5.01
429,Kalabo,ZM,2022-05-03 04:58:07,-14.97,22.6814,54.75,86,0,4.54
430,Carauari,BR,2022-05-03 04:58:08,-4.8828,-66.8958,72.01,99,96,2.01
431,Dengzhou,CN,2022-05-03 04:58:08,37.8086,120.7508,75.45,30,3,17.94
432,Mubi,NG,2022-05-03 04:58:09,10.2676,13.2644,78.87,60,93,7.27
433,Oistins,BB,2022-05-03 04:53:25,13.0667,-59.5333,75.29,94,75,24.16
434,Ambilobe,MG,2022-05-03 04:58:10,-13.2,49.05,76.33,80,17,2.55
435,Labuhan,ID,2022-05-03 04:58:10,-6.8844,112.2051,88.16,64,73,9.22
436,Shieli,KZ,2022-05-03 04:58:11,44.1667,66.75,73.29,55,88,2.62
437,Beaupre,CA,2022-05-03 04:58:11,47.0443,-70.8953,47.21,76,78,11.01
438,Akonolinga,CM,2022-05-03 04:58:11,3.7667,12.25,67.05,99,94,1.25
439,Tabuk,PH,2022-05-03 04:58:12,17.4189,121.4443,89.1,59,52,4.12
440,Pacific Grove,US,2022-05-03 04:58:12,36.6177,-121.9166,54.01,79,63,18.01
441,Huron,US,2022-05-03 04:58:13,41.1501,-82.5499,52.68,85,94,4.9
442,Kargasok,RU,2022-05-03 04:58:13,59.0556,80.8572,36.82,82,100,13.62
443,Santa Isabel Do Rio Negro,BR,2022-05-03 04:58:14,-0.4139,-65.0192,73.45,90,97,0.58
444,Coahuayana,MX,2022-05-03 04:58:14,18.7333,-103.6833,71.82,71,100,2.37
445,Visnes,NO,2022-05-03 04:58:15,59.3556,5.2242,42.82,81,0,16.11
446,Ifakara,TZ,2022-05-03 04:58:15,-8.1333,36.6833,68.86,90,42,4.25
447,Emerald,AU,2022-05-03 04:58:16,-23.5333,148.1667,79.34,57,40,5.75
448,Sistranda,NO,2022-05-03 04:58:16,63.7256,8.834,39.16,62,100,17.22
449,Awjilah,LY,2022-05-03 04:58:17,29.1081,21.2869,60.69,83,8,11.27
450,Andover,GB,2022-05-03 04:58:17,51.2083,-1.4825,52.11,91,100,1.99
451,Bahia Blanca,AR,2022-05-03 04:58:17,-38.7196,-62.2724,48.69,69,0,9.15
452,Axim,GH,2022-05-03 04:58:18,4.8699,-2.2405,78.84,83,100,1.16
453,Acarau,BR,2022-05-03 04:58:19,-2.8856,-40.12,76.95,88,87,12.1
454,Margate,GB,2022-05-03 04:59:19,51.3813,1.3862,52.3,85,76,4.0
455,Ponta Delgada,PT,2022-05-03 04:59:20,37.7333,-25.6667,63.5,77,75,5.75
456,Sola,VU,2022-05-03 04:59:20,-13.8833,167.55,82.15,69,99,6.78
457,Arica,CL,2022-05-03 04:59:20,-18.475,-70.3042,61.03,72,0,5.75
458,Grand Bank,CA,2022-05-03 04:59:21,47.0999,-55.765,44.98,94,100,10.67
459,Klaksvik,FO,2022-05-03 04:59:21,62.2266,-6.589,40.12,77,100,17.69
460,Port Hedland,AU,2022-05-03 04:59:22,-20.3167,118.5667,95.05,29,0,11.5
461,Berbera,SO,2022-05-03 04:59:22,10.4396,45.0143,87.46,64,100,2.17
462,Rovaniemi,FI,2022-05-03 04:59:23,66.5,25.7167,27.81,74,75,19.57
463,Santa Teresa,VE,2022-05-03 04:59:23,10.2341,-66.6631,74.17,89,97,1.36
464,Moree,AU,2022-05-03 04:59:24,-29.4667,149.85,78.82,29,0,6.91
465,Kulhudhuffushi,MV,2022-05-03 04:59:24,6.6221,73.07,86.13,73,99,17.69
466,Aracati,BR,2022-05-03 04:59:24,-4.5617,-37.7697,75.29,93,93,8.57
467,Castelnaudary,FR,2022-05-03 04:59:25,43.3183,1.9545,55.89,96,100,3.65
468,Longkou,CN,2022-05-03 04:59:25,37.6508,120.3286,70.7,40,4,16.58
469,Bukachacha,RU,2022-05-03 04:59:26,52.9833,116.9167,52.12,26,100,7.94
470,Koppal,IN,2022-05-03 04:59:26,15.35,76.15,89.62,38,9,6.93
471,Pemangkat,ID,2022-05-03 04:59:27,1.1667,108.9667,84.63,70,92,7.2
472,Tessalit,ML,2022-05-03 04:59:27,20.1986,1.0114,71.11,19,4,7.96
473,Keti Bandar,PK,2022-05-03 04:59:28,24.1447,67.4497,86.47,68,0,23.17
474,Jiexiu,CN,2022-05-03 04:59:28,37.0244,111.9125,79.36,11,0,8.68
475,Gold Coast,AU,2022-05-03 04:57:50,-28.0,153.4333,76.24,80,40,11.5
476,Diffa,NE,2022-05-03 04:59:29,13.3154,12.6113,83.97,46,86,7.92
477,Kez,RU,2022-05-03 04:59:29,57.8979,53.7152,45.79,66,28,7.85
478,Half Moon Bay,US,2022-05-03 04:59:30,37.4636,-122.4286,55.35,74,0,14.97
479,Tarut,SA,2022-05-03 04:59:30,26.5733,50.0369,82.6,45,0,12.75
480,Siniscola,IT,2022-05-03 04:59:30,40.5719,9.6922,45.95,65,89,3.04
481,Narsaq,GL,2022-05-03 04:59:31,60.9167,-46.05,33.58,91,99,2.71
482,Mandali,IQ,2022-05-03 04:59:31,33.7499,45.5541,79.99,32,36,2.06
483,Harper,LR,2022-05-03 04:59:32,4.375,-7.7169,79.39,83,82,3.51
484,Barcelos,PT,2022-05-03 04:59:32,41.5388,-8.6151,54.91,84,4,5.55
485,Batagay-Alyta,RU,2022-05-03 04:59:33,67.8006,130.4114,20.5,80,100,4.74
486,Mandalgovi,MN,2022-05-03 04:59:33,45.7625,106.2708,69.64,7,99,20.36
487,Bathurst,AU,2022-05-03 04:55:22,-33.4166,149.5806,70.97,46,0,1.99
488,Sovetskiy,RU,2022-05-03 04:59:34,61.3614,63.5842,38.39,61,5,9.01
489,Claremore,US,2022-05-03 04:59:13,36.3126,-95.6161,64.53,95,87,10.33
490,Amalner,IN,2022-05-03 04:59:34,21.05,75.0667,97.0,29,0,13.85
491,Soller,ES,2022-05-03 04:59:35,39.7662,2.7152,60.03,78,100,1.99
492,Lago Da Pedra,BR,2022-05-03 04:59:35,-4.3333,-45.1667,71.82,95,86,1.23
493,Abay,KZ,2022-05-03 04:59:36,49.6311,72.8539,52.18,52,100,17.69
494,Esmeraldas,BR,2022-05-03 04:59:36,-19.7625,-44.3139,67.06,68,30,2.71
495,Banda Aceh,ID,2022-05-03 04:55:03,5.5577,95.3222,81.12,81,100,12.46
496,Rio Gallegos,AR,2022-05-03 04:59:37,-51.6226,-69.2181,41.05,75,0,12.66
497,Goundam,ML,2022-05-03 04:59:37,16.4145,-3.6708,78.66,14,11,8.39
498,Port Arthur,CN,2022-05-03 04:59:38,38.8,121.2667,75.42,61,8,16.8
499,Saint-Augustin,CA,2022-05-03 04:59:38,51.226,-58.6502,36.01,93,100,9.24
500,Puerto Varas,CL,2022-05-03 04:59:39,-41.3195,-72.9854,48.42,100,100,0.0
501,Olafsvik,IS,2022-05-03 04:57:19,64.8945,-23.7142,35.71,95,100,20.42
502,Wanning,CN,2022-05-03 05:00:41,18.8003,110.3967,75.04,75,100,14.58
503,Padang,ID,2022-05-03 05:00:46,-0.9492,100.3543,86.05,83,100,3.91
504,Marondera,ZW,2022-05-03 05:00:59,-18.1853,31.5519,47.93,89,18,7.23
505,Yuzhno-Kurilsk,RU,2022-05-03 05:00:59,44.0306,145.8556,44.8,70,81,1.86
506,Khandbari,NP,2022-05-03 05:01:06,27.3747,87.2039,81.07,43,32,4.99
507,Dongsheng,CN,2022-05-03 05:00:36,39.8161,109.9776,70.5,9,1,18.95
508,Hulan Ergi,CN,2022-05-03 05:01:09,47.2042,123.6333,63.73,43,100,9.6
509,Leningradskiy,RU,2022-05-03 05:01:10,69.3833,178.4167,18.81,93,76,10.8
510,Chitral,PK,2022-05-03 05:01:11,35.8462,71.7858,65.77,68,100,6.62
511,Berlevag,NO,2022-05-03 05:01:12,70.8578,29.0864,26.4,63,100,14.32
512,Fallon,US,2022-05-03 04:59:27,39.4735,-118.7774,49.44,29,80,20.38
513,Korla,CN,2022-05-03 05:01:13,41.7597,86.1469,78.64,10,0,14.47
514,Ovalle,CL,2022-05-03 05:01:13,-30.5983,-71.2003,62.71,55,0,0.09
515,Sydney,AU,2022-05-03 04:59:59,-33.8679,151.2073,76.75,61,20,10.0
516,Talara,PE,2022-05-03 05:01:14,-4.5772,-81.2719,68.9,80,63,11.95
517,Fort Nelson,CA,2022-05-03 05:01:14,58.8053,-122.7002,36.46,97,100,2.06
518,Ararangua,BR,2022-05-03 05:01:15,-28.9347,-49.4858,63.25,99,100,1.74
519,Sobolevo,RU,2022-05-03 05:01:15,54.4299,31.8996,47.03,78,60,8.52
520,Jalu,LY,2022-05-03 05:01:16,29.0331,21.5482,60.84,81,5,11.68
521,Chiquinquira,CO,2022-05-03 05:01:16,5.6164,-73.8175,48.24,96,81,4.63
522,Altay,CN,2022-05-03 05:01:16,47.8667,88.1167,69.13,42,67,2.66
523,Tarko-Sale,RU,2022-05-03 05:01:17,64.9225,77.785,27.57,82,62,8.75
524,Montepuez,MZ,2022-05-03 05:01:17,-13.1256,38.9997,65.86,84,37,8.43
525,Jamkhed,IN,2022-05-03 05:01:18,18.7362,75.3121,94.91,24,1,12.19
526,Bowen,AU,2022-05-03 05:01:19,-20.0167,148.2333,80.02,61,8,15.05
527,Eenhana,NA,2022-05-03 05:01:19,-17.4667,16.3333,57.29,72,4,6.53
528,Weligama,LK,2022-05-03 05:01:20,5.9667,80.4167,87.39,70,45,11.45
529,Havre-Saint-Pierre,CA,2022-05-03 05:01:20,50.2334,-63.5986,37.09,84,42,5.97
530,Havre,FR,2022-05-03 05:01:21,49.5833,0.3333,49.77,81,47,5.75
531,Vanderhoof,CA,2022-05-03 05:01:21,54.0166,-124.0198,40.86,88,64,4.09
532,Shahreza,IR,2022-05-03 05:01:21,32.0339,51.8794,59.63,32,0,0.63
533,Yuanli,TW,2022-05-03 05:01:22,24.4397,120.6535,86.36,69,75,1.14
534,Gombong,ID,2022-05-03 05:01:22,-7.6072,109.5142,88.99,63,70,7.05
535,Cockburn Town,TC,2022-05-03 05:01:23,21.4612,-71.1419,76.26,80,59,22.08
536,Grand Gaube,MU,2022-05-03 05:01:23,-20.0064,57.6608,79.38,74,5,3.0
537,Kazanskoye,RU,2022-05-03 05:01:24,55.6448,69.235,49.93,47,7,14.12
538,Ust-Kuyga,RU,2022-05-03 05:01:24,70.0167,135.6,24.44,91,100,5.03
539,Guia De Isora,ES,2022-05-03 05:01:25,28.2115,-16.7795,58.24,66,24,9.19
540,Susanville,US,2022-05-03 05:01:25,40.4163,-120.653,41.92,47,0,11.5
541,Avera,US,2022-05-03 05:01:26,33.194,-82.5271,69.55,80,76,6.15
542,Tuy Hoa,VN,2022-05-03 04:56:55,13.0833,109.3,80.4,76,97,15.43
543,Sambava,MG,2022-05-03 05:01:27,-14.2667,50.1667,78.03,72,6,7.94
544,Fairbanks,US,2022-05-03 05:00:03,64.8378,-147.7164,48.22,37,95,3.27
545,Chik,RU,2022-05-03 05:01:27,54.9928,82.4311,47.95,53,75,17.9
546,Taltal,CL,2022-05-03 05:01:15,-25.4,-70.4833,59.56,79,2,4.09
547,Placido De Castro,BR,2022-05-03 05:02:28,-10.3353,-67.1856,72.72,97,91,2.66
548,Batavia,US,2022-05-03 05:00:09,41.85,-88.3126,50.81,77,100,8.05
549,Ilave,PE,2022-05-03 05:02:28,-16.0833,-69.6667,37.26,71,37,1.74
550,Lao Cai,VN,2022-05-03 05:02:29,22.4833,103.95,84.94,35,9,3.15
551,Yelizovo,RU,2022-05-03 05:02:29,53.1873,158.3805,46.54,57,20,13.42
552,Wentzville,US,2022-05-03 04:57:36,38.8114,-90.8529,58.87,91,100,5.01
553,Marawi,PH,2022-05-03 05:02:30,7.9986,124.2928,75.94,90,100,4.23
554,Poum,NC,2022-05-03 05:02:31,-20.2333,164.0167,79.02,80,0,13.62
